Time [s],Throughput [Mbps],Max SectorID,Max SNR[dB],Angle[deg],Active SectorID
0.1,0,8,18.8593,-90,4
0.2,0,8,18.8593,-90,4
0.3,0,8,18.8593,-90,4
0.4,0,8,18.8593,-90,4
0.5,0,8,18.8593,-90,4
0.6,0,8,18.8593,-90,4
0.7,0,8,18.8593,-90,4
0.8,0,8,18.8593,-90,4
0.9,0,8,18.8593,-90,4
1,0,8,18.8593,-90,4
1.1,0,8,18.8593,-90,4
1.2,0,8,18.8593,-90,4
1.3,0,8,18.8593,-90,4
1.4,0,8,18.8593,-90,4
1.5,0,8,18.8593,-90,4
1.6,0,8,18.8593,-90,4
1.7,0,8,18.8593,-90,4
1.8,0,8,18.8593,-90,4
1.9,0,8,18.8593,-90,4
2,0,8,18.8593,-90,4
2.1,99.7382,8,18.8593,-90,4
2.2,99.9699,8,18.8304,-90,4
2.3,100.202,8,18.6546,-90,4
2.4,99.9699,8,18.3413,-90,4
2.5,99.8541,8,17.911,-90,4
2.6,100.086,8,17.3821,-90,4
2.7,99.8541,8,16.7705,-90,4
2.8,100.086,8,16.09,-90,4
2.9,99.8541,8,15.3529,-90,4
3,100.086,8,14.5694,-90,4
3.1,100.086,8,13.7487,-90,4
3.2,99.8541,8,12.8987,-90,4
3.3,100.086,8,12.0259,-90,4
3.4,100.202,8,11.1364,-90,4
3.5,99.9699,8,10.2349,-90,4
3.6,99.8541,8,9.3257,-90,4
3.7,100.086,8,8.41253,-90,4
3.8,100.086,8,7.49838,-90,4
3.9,99.7382,8,6.586,-90,4
4,100.202,8,5.67746,-90,4
4.1,27.2224,8,4.77465,-90,4
4.2,0,8,3.87918,-90,1
4.3,0,8,3.86142,-90,4
4.4,0,8,2.88482,-90,4
4.5,0,8,2.11518,-90,4
4.6,0,8,1.2485,-90,4
4.7,0,8,0.393162,-90,4
4.8,0,8,-0.561448,-90,4
4.9,0,8,-1.28172,-90,4
5,0,8,-2.10054,-90,4
5.1,0,1,-1.57166,-90,5
5.2,0,1,-0.885007,-90,5
5.3,0,1,-0.236491,-90,5
5.4,0,1,0.376407,-90,5
5.5,0,1,0.956003,-90,5
5.6,0,1,1.50444,-90,5
5.7,0,1,2.02368,-90,5
5.8,0,1,2.51556,-90,5
5.9,0,1,2.98176,-90,5
6,0,1,3.42385,-90,5
6.1,0,1,3.84328,-90,5
6.2,0,1,3.90052,-90,5
6.3,0,1,3.48417,-90,5
6.4,0,1,3.04536,-90,5
6.5,0,1,2.58263,-90,5
6.6,0,1,2.09446,-90,5
6.7,0,1,1.57918,-90,5
6.8,0,1,1.03496,-90,5
6.9,0,1,0.459874,-90,5
7,0,1,-0.148205,-90,5
7.1,0,1,-0.791565,-90,5
7.2,0,1,-1.47269,-90,5
7.3,0,1,-2.19429,-90,5
7.4,0,8,-1.39252,-90,5
7.5,0,8,-0.562882,-90,4
7.6,0,8,0.279028,-90,4
7.7,0,8,1.13285,-90,4
7.8,0,8,1.99801,-90,4
7.9,0,8,2.87382,-90,4
8,0,8,3.75943,-90,4
8.1,0,8,4.65381,-90,4
8.2,0,8,5.55569,-90,4
8.3,0,8,6.46355,-90,4
8.4,0,8,7.37558,-90,4
8.5,0,8,8.2896,-90,1
8.6,0,8,8.31307,-90,4
8.7,0,8,9.20307,-90,4
8.8,0,8,10.113,-90,4
8.9,0,8,11.0157,-90,4
9,0,8,11.9072,-90,4
9.1,0,8,12.7997,-90,4
9.2,0,8,13.636,-90,4
9.3,0,8,14.461,-90,4
9.4,0,8,15.25,-90,4
9.5,0,8,15.994,-90,4
9.6,0,8,16.6827,-90,4
9.7,0,8,17.3044,-90,4
9.8,0,8,17.8453,-90,4
9.9,0,8,18.2898,-90,4
10,0,8,18.62,-90,4
10.1,0,8,18.8156,-90,4
10.2,0,8,18.8533,-90,4
10.3,0,8,18.7069,-90,4
10.4,0,8,18.3471,-90,4
10.5,0,8,17.7408,-90,4
10.6,0,8,16.8518,-90,4
10.7,0,8,15.6398,-90,4
10.8,0,8,14.0615,-90,4
10.9,0,8,12.0699,-90,4
11,0,8,9.616,-90,4
11.1,0,8,6.64861,-90,4
11.2,0,8,3.11555,-90,4
11.3,0,8,-1.03413,-90,4
11.4,0,7,2.70395,-90,3
11.5,0,7,6.6854,-90,3
11.6,114.45,7,10.2043,-90,3
11.7,100.086,7,13.201,-90,3
11.8,99.9699,7,15.621,-90,3
11.9,99.8541,7,17.4184,-90,3
12,100.086,7,18.5572,-90,3
12.1,99.9699,7,19.0142,-90,3
12.2,100.202,7,18.78,-90,3
12.3,99.9699,7,17.8594,-90,3
12.4,99.8541,7,16.2713,-90,3
12.5,99.9699,7,14.0477,-90,3
12.6,100.086,7,11.2316,-90,3
12.7,97.6531,7,7.87501,-90,3
12.8,68.2298,7,7.78882,-90,1
12.9,0,7,3.95299,-90,3
13,0,7,-0.222979,-90,3
13.1,0,6,1.94864,-90,2
13.2,126.15,6,5.57252,-90,2
13.3,100.202,6,8.71671,-90,2
13.4,99.8541,6,11.3308,-90,2
13.5,100.086,6,13.4661,-90,2
13.6,99.7382,6,15.1725,-90,2
13.7,100.086,6,16.4978,-90,2
13.8,99.8541,6,17.4866,-90,2
13.9,100.202,6,18.18,-90,2
14,100.086,6,18.6156,-90,2
14.1,99.8541,6,18.8275,-90,2
14.2,99.9699,6,18.8561,-90,2
14.3,100.086,6,18.7222,-90,2
14.4,99.9699,6,18.3768,-90,2
14.5,100.086,6,17.7872,-90,2
14.6,100.086,6,16.9173,-90,2
14.7,99.9699,6,15.727,-90,2
14.8,99.8541,6,14.1733,-90,2
14.9,100.202,6,12.2094,-90,2
15,99.8541,6,9.78634,-90,2
15.1,98.0006,6,6.85293,-90,2
15.2,0.81088,6,3.35716,-90,8
15.3,0,6,-0.75188,-90,2
15.4,0,7,2.44242,-90,3
15.5,79.6979,7,6.44946,-90,3
15.6,99.8541,7,9.99909,-90,3
15.7,100.086,7,13.03,-90,3
15.8,99.8541,7,15.4876,-90,3
15.9,100.202,7,17.325,-90,3
16,99.9699,7,18.5058,-90,3
16.1,99.9699,7,19.0059,-90,3
16.2,99.9699,7,18.8148,-90,3
16.3,100.086,7,17.9367,-90,3
16.4,99.7382,7,16.3895,-90,3
16.5,100.202,7,14.2046,-90,3
16.6,99.9699,7,11.4241,-90,3
16.7,99.9699,7,8.09955,-90,3
16.8,65.1021,7,4.28902,-90,3
16.9,0,7,0.0540022,-90,3
17,0,8,1.59599,-90,1
17.1,0,8,1.67624,-90,4
17.2,37.648,8,5.36006,-90,1
17.3,98.464,8,8.53881,-90,4
17.4,100.086,8,11.1841,-90,4
17.5,99.9699,8,13.3473,-90,4
17.6,99.9699,8,15.0788,-90,4
17.7,99.8541,8,16.4263,-90,4
17.8,100.202,8,17.4346,-90,4
17.9,99.9699,8,18.145,-90,4
18,99.8541,8,18.5956,-90,4
18.1,100.086,8,18.8203,-90,4
18.2,100.086,8,18.8593,-90,4
18.3,99.9699,8,18.8593,-90,4
18.4,99.9699,8,18.8593,-90,4
18.5,100.086,8,18.8593,-90,4
18.6,99.9699,8,18.8593,-90,4
18.7,99.8541,8,18.8593,-90,4
18.8,100.202,8,18.8593,-90,4
18.9,99.9699,8,18.8593,-90,4
19,99.8541,8,18.8593,-90,4
19.1,100.086,8,18.8593,-90,4
19.2,99.9699,8,18.8593,-90,4
19.3,99.9699,8,18.8593,-90,4
19.4,99.9699,8,18.8593,-90,4
19.5,100.086,8,18.8593,-90,4
19.6,99.9699,8,18.8593,-90,4
19.7,99.9699,8,18.8593,-90,4
19.8,100.202,8,18.8593,-90,4
19.9,99.9699,8,18.8593,-90,4
20,99.8541,8,18.8593,-90,4
20.1,99.8541,8,18.8593,-90,4
20.2,100.202,8,18.8593,-90,4
20.3,99.9699,8,18.8593,-90,4
20.4,99.9699,8,18.8593,-90,4
20.5,100.086,8,18.8593,-90,4
20.6,99.8541,8,18.8593,-90,4
20.7,99.9699,8,18.8593,-90,4
20.8,100.086,8,18.8593,-90,4
20.9,100.086,8,18.8593,-90,4
21,99.9699,8,18.8593,-90,4
21.1,99.9699,8,18.8593,-90,4
21.2,100.086,8,18.8593,-90,4
21.3,99.159,8,18.8593,-90,1
21.4,100.665,8,18.8593,-90,4
21.5,100.086,8,18.8593,-90,4
21.6,100.086,8,18.8593,-90,4
21.7,99.8541,8,18.8593,-90,4
21.8,100.086,8,18.8593,-90,4
21.9,99.9699,8,18.8593,-90,4
22,99.9699,8,18.8593,-90,4
22.1,100.086,8,18.8593,-90,4
22.2,99.8541,8,18.8593,-90,4
22.3,100.086,8,18.8593,-90,4
22.4,100.086,8,18.8593,-90,4
22.5,99.7382,8,18.8593,-90,4
22.6,100.317,8,18.8593,-90,4
22.7,99.9699,8,18.8593,-90,4
22.8,99.9699,8,18.8593,-90,4
22.9,99.9661,8,18.8593,-90,4
23,99.8579,8,18.8593,-90,4
23.1,99.9699,8,18.8593,-90,4
23.2,100.086,8,18.8593,-90,4
23.3,100.086,8,18.8593,-90,4
23.4,100.086,8,18.8593,-90,4
23.5,99.8541,8,18.8593,-90,4
23.6,100.086,8,18.8593,-90,4
23.7,99.9699,8,18.8593,-90,4
23.8,100.086,8,18.8593,-90,4
23.9,99.8541,8,18.8593,-90,4
24,100.086,8,18.8593,-90,4
24.1,99.8541,8,18.8593,-90,4
24.2,100.086,8,18.8593,-90,4
24.3,99.9699,8,18.8593,-90,4
24.4,99.9699,8,18.8593,-90,4
24.5,99.9699,8,18.8593,-90,4
24.6,99.9699,8,18.8593,-90,4
24.7,100.202,8,18.8593,-90,4
24.8,99.8541,8,18.8593,-90,4
24.9,99.9699,8,18.8593,-90,4
25,100.086,8,18.8593,-90,4
25.1,0.11584,8,18.8593,-90,4
